{
  "params": {
    "w_ma": 0.21,
    "w_rsi": 0.68,
    "w_atr": 0.11,
    "rsi_ob": 69,
    "rsi_rel": 67,
    "atr_k": 0.33,
    "score_threshold": 59
  },
  "metrics": {
    "return": 0.20449882561301003,
    "mdd": 0.10269409838830255,
    "sharpe": 1.0162288887939177
  }
}